{
    "cash": 97863.1300233812,
    "total_value": 97863.1300233812,
    "holdings": {},
    "total_return_pct": -2.11464387693163,
    "peak_value": 100000.0,
    "current_drawdown_pct": 2.11464387693163,
    "last_rebalance_date": ""
}